TQWERTYUIOP34,Tracy,Williams,tracy.williams@example.com,7,10,TQWERTYUIOP345
T6789ZXCVBNM0,Troy,Roberts,troy.roberts@example.com,10,13,6789ZXCVBNM01
TQWERTYUIOP67,Thomas,Johnson,thomas.johnson@example.com,8,14,TQWERTYUIOP678
T1234ASDFGHJK,Tara,Adams,tara.adams@example.com,6,11,1234ASDFGHJKL
TZXCVBNM78901,Tracy,James,tracy.james@example.com,9,14,TZXCVBNM789012
TQRSTUVWX8901,Timothy,Jenkins,timothy.jenkins@example.com,5,9,TQRSTUVWX89012
TUVWXYZ123456,Travis,Martin,travis.martin@example.com,8,12,TUVWXYZ1234567
T34567890ASDF,Tonya,Adams,tonya.adams@example.com,5,8,T34567890ASDFG
T1ZXCVBNM7890,Tracy,Wilson,tracy.wilson@example.com,4,7,T1ZXCVBNM78901
T3456ASDFGHJK,Tracy,Carter,tracy.carter@example.com,5,10,T3456ASDFGHJKL
